INSERT INTO `groups` (`id`, `date_start`, `date_end`, `title`, `description`, `created`, `modified`) VALUES
(1, NULL, NULL, 'euismod in, dolor.', 'et magnis dis parturient montes, nascetur ridiculus mus. Aenean eget magna. Suspendisse tristique neque venenatis', NULL, NULL),
(2, NULL, NULL, 'lorem, eget mollis', 'nulla. Cras eu tellus eu augue porttitor interdum. Sed auctor odio a purus.', NULL, NULL),
(3, NULL, NULL, 'ipsum non arcu.', 'in magna. Phasellus dolor elit, pellentesque a, facilisis non, bibendum sed, est. Nunc laoreet lectus', NULL, NULL),
(4, NULL, NULL, 'turpis vitae purus', 'Suspendisse aliquet, sem ut cursus luctus, ipsum leo elementum sem, vitae aliquam eros', NULL, NULL),
(5, NULL, NULL, 'velit. Quisque varius.', 'Cras eu tellus eu augue porttitor interdum. Sed auctor odio a', NULL, NULL),
(6, NULL, NULL, 'odio a purus.', 'tellus non magna. Nam ligula elit, pretium et, rutrum non,', NULL, NULL),
(7, NULL, NULL, 'imperdiet, erat nonummy', 'lorem, auctor quis, tristique ac, eleifend vitae, erat. Vivamus nisi. Mauris nulla. Integer urna.', NULL, NULL),
(8, NULL, NULL, 'massa. Integer vitae', 'lectus quis massa. Mauris vestibulum, neque sed dictum eleifend, nunc risus varius orci, in consequat', NULL, NULL),
(9, NULL, NULL, 'laoreet lectus quis', 'ac turpis egestas. Aliquam fringilla cursus purus. Nullam scelerisque neque sed sem egestas blandit.', NULL, NULL),
(10, NULL, NULL, 'vulputate, lacus. Cras', 'per inceptos hymenaeos. Mauris ut quam vel sapien imperdiet ornare. In faucibus. Morbi vehicula.', NULL, NULL),
(11, NULL, NULL, 'luctus ut, pellentesque', 'Nulla tempor augue ac ipsum. Phasellus vitae mauris sit amet lorem semper auctor. Mauris', NULL, NULL),
(12, NULL, NULL, 'consequat, lectus sit', 'rhoncus. Donec est. Nunc ullamcorper, velit in aliquet lobortis, nisi nibh lacinia orci,', NULL, NULL),
(13, NULL, NULL, 'risus. Morbi metus.', 'nisi dictum augue malesuada malesuada. Integer id magna et ipsum cursus vestibulum. Mauris magna.', NULL, NULL),
(14, NULL, NULL, 'luctus aliquet odio.', 'odio. Nam interdum enim non nisi. Aenean eget metus. In nec orci. Donec nibh. Quisque', NULL, NULL),
(15, NULL, NULL, 'sem ut dolor', 'Aenean gravida nunc sed pede. Cum sociis natoque penatibus et magnis', NULL, NULL),
(16, NULL, NULL, 'nulla. Integer urna.', 'eleifend, nunc risus varius orci, in consequat enim diam vel arcu. Curabitur ut odio', NULL, NULL),
(17, NULL, NULL, 'feugiat non, lobortis', 'per conubia nostra, per inceptos hymenaeos. Mauris ut quam vel sapien imperdiet ornare.', NULL, NULL),
(18, NULL, NULL, 'facilisis eget, ipsum.', 'ligula. Aenean euismod mauris eu elit. Nulla facilisi. Sed neque. Sed eget lacus. Mauris', NULL, NULL),
(19, NULL, NULL, 'congue, elit sed', 'mi tempor lorem, eget mollis lectus pede et risus. Quisque', NULL, NULL),
(20, NULL, NULL, 'justo sit amet', 'amet ultricies sem magna nec quam. Curabitur vel lectus. Cum', NULL, NULL),
(21, NULL, NULL, 'erat volutpat. Nulla', 'Curabitur ut odio vel est tempor bibendum. Donec felis orci, adipiscing', NULL, NULL),
(22, NULL, NULL, 'et malesuada fames', 'arcu. Vivamus sit amet risus. Donec egestas. Aliquam nec enim. Nunc', NULL, NULL),
(23, NULL, NULL, 'metus facilisis lorem', 'ut aliquam iaculis, lacus pede sagittis augue, eu tempor erat neque non quam.', NULL, NULL),
(24, NULL, NULL, 'magnis dis parturient', 'metus vitae velit egestas lacinia. Sed congue, elit sed consequat auctor,', NULL, NULL),
(25, NULL, NULL, 'eleifend. Cras sed', 'erat semper rutrum. Fusce dolor quam, elementum at, egestas a, scelerisque', NULL, NULL),
(26, NULL, NULL, 'Donec vitae erat', 'Etiam ligula tortor, dictum eu, placerat eget, venenatis a, magna. Lorem ipsum dolor', NULL, NULL),
(27, NULL, NULL, 'est, congue a,', 'dis parturient montes, nascetur ridiculus mus. Proin vel arcu eu odio tristique pharetra.', NULL, NULL),
(28, NULL, NULL, 'consequat enim diam', 'purus sapien, gravida non, sollicitudin a, malesuada id, erat. Etiam vestibulum massa rutrum magna. Cras', NULL, NULL),
(29, NULL, NULL, 'et magnis dis', 'ante. Vivamus non lorem vitae odio sagittis semper. Nam tempor diam dictum sapien.', NULL, NULL),
(30, NULL, NULL, 'placerat. Cras dictum', 'id ante dictum cursus. Nunc mauris elit, dictum eu, eleifend nec,', NULL, NULL),
(31, NULL, NULL, 'eu, ligula. Aenean', 'in molestie tortor nibh sit amet orci. Ut sagittis lobortis', NULL, NULL),
(32, NULL, NULL, 'ridiculus mus. Aenean', 'nec quam. Curabitur vel lectus. Cum sociis natoque penatibus et magnis', NULL, NULL),
(33, NULL, NULL, 'egestas lacinia. Sed', 'primis in faucibus orci luctus et ultrices posuere cubilia Curae; Phasellus ornare. Fusce mollis. Duis', NULL, NULL),
(34, NULL, NULL, 'Praesent interdum ligula', 'turpis nec mauris blandit mattis. Cras eget nisi dictum augue malesuada', NULL, NULL),
(35, NULL, NULL, 'pharetra. Quisque ac', 'sodales elit erat vitae risus. Duis a mi fringilla mi lacinia mattis. Integer eu', NULL, NULL),
(36, NULL, NULL, 'nulla. Integer urna.', 'vehicula aliquet libero. Integer in magna. Phasellus dolor elit, pellentesque a, facilisis', NULL, NULL),
(37, NULL, NULL, 'non enim. Mauris', 'leo. Morbi neque tellus, imperdiet non, vestibulum nec, euismod in, dolor. Fusce feugiat.', NULL, NULL),
(38, NULL, NULL, 'tellus. Aenean egestas', 'vel, convallis in, cursus et, eros. Proin ultrices. Duis volutpat', NULL, NULL),
(39, NULL, NULL, 'Suspendisse sed dolor.', 'urna, nec luctus felis purus ac tellus. Suspendisse sed dolor. Fusce mi lorem, vehicula', NULL, NULL),
(40, NULL, NULL, 'vel, venenatis vel,', 'cubilia Curae; Donec tincidunt. Donec vitae erat vel pede blandit congue.', NULL, NULL),
(41, NULL, NULL, 'nonummy ultricies ornare,', 'tempor erat neque non quam. Pellentesque habitant morbi tristique senectus et netus', NULL, NULL),
(42, NULL, NULL, 'sapien molestie orci', 'Cras convallis convallis dolor. Quisque tincidunt pede ac urna. Ut', NULL, NULL),
(43, NULL, NULL, 'Integer sem elit,', 'ut, pharetra sed, hendrerit a, arcu. Sed et libero. Proin mi. Aliquam gravida mauris', NULL, NULL),
(44, NULL, NULL, 'dictum. Phasellus in', 'egestas rhoncus. Proin nisl sem, consequat nec, mollis vitae, posuere at, velit.', NULL, NULL),
(45, NULL, NULL, 'ac metus vitae', 'ac sem ut dolor dapibus gravida. Aliquam tincidunt, nunc ac mattis ornare, lectus ante', NULL, NULL),
(46, NULL, NULL, 'eleifend non, dapibus', 'semper et, lacinia vitae, sodales at, velit. Pellentesque ultricies dignissim', NULL, NULL),
(47, NULL, NULL, 'sem elit, pharetra', 'ac mattis velit justo nec ante. Maecenas mi felis, adipiscing fringilla,', NULL, NULL),
(48, NULL, NULL, 'Vivamus nibh dolor,', 'Suspendisse dui. Fusce diam nunc, ullamcorper eu, euismod ac, fermentum vel, mauris. Integer sem', NULL, NULL),
(49, NULL, NULL, 'a nunc. In', 'pede, malesuada vel, venenatis vel, faucibus id, libero. Donec consectetuer mauris', NULL, NULL),
(50, NULL, NULL, 'mi enim, condimentum', 'elit, a feugiat tellus lorem eu metus. In lorem. Donec elementum, lorem ut aliquam iaculis,', NULL, NULL),
(51, NULL, NULL, 'augue scelerisque mollis.', 'luctus ut, pellentesque eget, dictum placerat, augue. Sed molestie. Sed id risus quis diam', NULL, NULL),
(52, NULL, NULL, 'accumsan laoreet ipsum.', 'condimentum eget, volutpat ornare, facilisis eget, ipsum. Donec sollicitudin adipiscing ligula. Aenean gravida nunc sed', NULL, NULL),
(53, NULL, NULL, 'gravida. Aliquam tincidunt,', 'ante. Vivamus non lorem vitae odio sagittis semper. Nam tempor diam dictum sapien. Aenean massa.', NULL, NULL),
(54, NULL, NULL, 'libero lacus, varius', 'vel nisl. Quisque fringilla euismod enim. Etiam gravida molestie arcu.', NULL, NULL),
(55, NULL, NULL, 'tempor diam dictum', 'sociosqu ad litora torquent per conubia nostra, per inceptos hymenaeos. Mauris ut quam vel sapien', NULL, NULL),
(56, NULL, NULL, 'Phasellus dapibus quam', 'erat. Vivamus nisi. Mauris nulla. Integer urna. Vivamus molestie dapibus ligula. Aliquam', NULL, NULL),
(57, NULL, NULL, 'vitae semper egestas,', 'id, libero. Donec consectetuer mauris id sapien. Cras dolor dolor, tempus non,', NULL, NULL),
(58, NULL, NULL, 'Quisque ac libero', 'Nulla dignissim. Maecenas ornare egestas ligula. Nullam feugiat placerat velit. Quisque', NULL, NULL),
(59, NULL, NULL, 'sit amet ornare', 'Phasellus elit pede, malesuada vel, venenatis vel, faucibus id, libero.', NULL, NULL),
(60, NULL, NULL, 'ornare, lectus ante', 'Suspendisse sed dolor. Fusce mi lorem, vehicula et, rutrum eu, ultrices sit', NULL, NULL),
(61, NULL, NULL, 'semper tellus id', 'nec, malesuada ut, sem. Nulla interdum. Curabitur dictum. Phasellus in felis. Nulla', NULL, NULL),
(62, NULL, NULL, 'at lacus. Quisque', 'ipsum leo elementum sem, vitae aliquam eros turpis non enim. Mauris quis', NULL, NULL),
(63, NULL, NULL, 'nascetur ridiculus mus.', 'Nullam ut nisi a odio semper cursus. Integer mollis. Integer tincidunt', NULL, NULL),
(64, NULL, NULL, 'Duis elementum, dui', 'sem. Nulla interdum. Curabitur dictum. Phasellus in felis. Nulla tempor augue', NULL, NULL),
(65, NULL, NULL, 'Fusce feugiat. Lorem', 'scelerisque sed, sapien. Nunc pulvinar arcu et pede. Nunc sed orci', NULL, NULL),
(66, NULL, NULL, 'luctus ut, pellentesque', 'arcu. Curabitur ut odio vel est tempor bibendum. Donec felis orci, adipiscing', NULL, NULL),
(67, NULL, NULL, 'eget tincidunt dui', 'sodales elit erat vitae risus. Duis a mi fringilla mi lacinia mattis. Integer eu', NULL, NULL),
(68, NULL, NULL, 'risus quis diam', 'nunc est, mollis non, cursus non, egestas a, dui. Cras', NULL, NULL),
(69, NULL, NULL, 'tempus non, lacinia', 'suscipit nonummy. Fusce fermentum fermentum arcu. Vestibulum ante ipsum primis in faucibus', NULL, NULL),
(70, NULL, NULL, 'nostra, per inceptos', 'nascetur ridiculus mus. Aenean eget magna. Suspendisse tristique neque venenatis lacus. Etiam', NULL, NULL),
(71, NULL, NULL, 'lorem tristique aliquet.', 'dictum sapien. Aenean massa. Integer vitae nibh. Donec est mauris,', NULL, NULL),
(72, NULL, NULL, 'diam nunc, ullamcorper', 'nibh enim, gravida sit amet, dapibus id, blandit at, nisi.', NULL, NULL),
(73, NULL, NULL, 'erat. Sed nunc', 'elit elit fermentum risus, at fringilla purus mauris a nunc. In at', NULL, NULL),
(74, NULL, NULL, 'id ante dictum', 'sed tortor. Integer aliquam adipiscing lacus. Ut nec urna et arcu imperdiet ullamcorper. Duis at', NULL, NULL),
(75, NULL, NULL, 'diam. Sed diam', 'penatibus et magnis dis parturient montes, nascetur ridiculus mus. Proin vel arcu eu odio tristique', NULL, NULL),
(76, NULL, NULL, 'faucibus lectus, a', 'semper pretium neque. Morbi quis urna. Nunc quis arcu vel', NULL, NULL),
(77, NULL, NULL, 'habitant morbi tristique', 'lectus rutrum urna, nec luctus felis purus ac tellus. Suspendisse sed dolor. Fusce mi', NULL, NULL),
(78, NULL, NULL, 'dis parturient montes,', 'aliquet, metus urna convallis erat, eget tincidunt dui augue eu', NULL, NULL),
(79, NULL, NULL, 'vulputate dui, nec', 'elementum at, egestas a, scelerisque sed, sapien. Nunc pulvinar arcu et pede. Nunc', NULL, NULL),
(80, NULL, NULL, 'odio, auctor vitae,', 'egestas ligula. Nullam feugiat placerat velit. Quisque varius. Nam porttitor scelerisque neque. Nullam nisl. Maecenas', NULL, NULL),
(81, NULL, NULL, 'malesuada vel, venenatis', 'ornare sagittis felis. Donec tempor, est ac mattis semper, dui lectus rutrum urna, nec', NULL, NULL),
(82, NULL, NULL, 'Nulla semper tellus', 'Donec non justo. Proin non massa non ante bibendum ullamcorper. Duis cursus, diam', NULL, NULL),
(83, NULL, NULL, 'Morbi vehicula. Pellentesque', 'senectus et netus et malesuada fames ac turpis egestas. Fusce aliquet magna a neque.', NULL, NULL),
(84, NULL, NULL, 'Aenean eget metus.', 'et libero. Proin mi. Aliquam gravida mauris ut mi. Duis risus odio, auctor vitae, aliquet', NULL, NULL),
(85, NULL, NULL, 'nibh. Quisque nonummy', 'convallis in, cursus et, eros. Proin ultrices. Duis volutpat nunc sit', NULL, NULL),
(86, NULL, NULL, 'a, facilisis non,', 'at lacus. Quisque purus sapien, gravida non, sollicitudin a, malesuada id, erat. Etiam vestibulum', NULL, NULL),
(87, NULL, NULL, 'sapien. Aenean massa.', 'aliquet odio. Etiam ligula tortor, dictum eu, placerat eget, venenatis a, magna. Lorem', NULL, NULL),
(88, NULL, NULL, 'consectetuer mauris id', 'Duis a mi fringilla mi lacinia mattis. Integer eu lacus. Quisque', NULL, NULL),
(89, NULL, NULL, 'augue. Sed molestie.', 'purus. Duis elementum, dui quis accumsan convallis, ante lectus convallis est, vitae sodales nisi magna', NULL, NULL),
(90, NULL, NULL, 'ullamcorper, nisl arcu', 'feugiat placerat velit. Quisque varius. Nam porttitor scelerisque neque. Nullam nisl. Maecenas malesuada fringilla est.', NULL, NULL),
(91, NULL, NULL, 'sociis natoque penatibus', 'tincidunt aliquam arcu. Aliquam ultrices iaculis odio. Nam interdum enim non nisi. Aenean', NULL, NULL),
(92, NULL, NULL, 'libero est, congue', 'at arcu. Vestibulum ante ipsum primis in faucibus orci luctus et', NULL, NULL),
(93, NULL, NULL, 'magna. Lorem ipsum', 'in molestie tortor nibh sit amet orci. Ut sagittis lobortis mauris. Suspendisse aliquet', NULL, NULL),
(94, NULL, NULL, 'Pellentesque habitant morbi', 'vitae semper egestas, urna justo faucibus lectus, a sollicitudin orci sem eget massa. Suspendisse', NULL, NULL),
(95, NULL, NULL, 'ut ipsum ac', 'neque pellentesque massa lobortis ultrices. Vivamus rhoncus. Donec est. Nunc ullamcorper, velit in aliquet', NULL, NULL),
(96, NULL, NULL, 'Aliquam nisl. Nulla', 'est. Mauris eu turpis. Nulla aliquet. Proin velit. Sed malesuada augue', NULL, NULL),
(97, NULL, NULL, 'lacinia orci, consectetuer', 'mi felis, adipiscing fringilla, porttitor vulputate, posuere vulputate, lacus. Cras interdum.', NULL, NULL),
(98, NULL, NULL, 'aliquet molestie tellus.', 'vitae odio sagittis semper. Nam tempor diam dictum sapien. Aenean massa. Integer vitae nibh. Donec', NULL, NULL),
(99, NULL, NULL, 'orci tincidunt adipiscing.', 'Nullam ut nisi a odio semper cursus. Integer mollis. Integer tincidunt', NULL, NULL),
(100, NULL, NULL, 'lacinia. Sed congue,', 'dolor. Fusce feugiat. Lorem ipsum dolor sit amet, consectetuer adipiscing elit. Aliquam', NULL, NULL);



INSERT INTO `groups_users` (`group_id`,`user_id`) VALUES ('98','80');
INSERT INTO `groups_users` (`group_id`,`user_id`) VALUES ('23','73');
INSERT INTO `groups_users` (`group_id`,`user_id`) VALUES ('17','18');
INSERT INTO `groups_users` (`group_id`,`user_id`) VALUES ('44','14');
INSERT INTO `groups_users` (`group_id`,`user_id`) VALUES ('87','27');
INSERT INTO `groups_users` (`group_id`,`user_id`) VALUES ('21','22');
INSERT INTO `groups_users` (`group_id`,`user_id`) VALUES ('58','99');
INSERT INTO `groups_users` (`group_id`,`user_id`) VALUES ('62','76');
INSERT INTO `groups_users` (`group_id`,`user_id`) VALUES ('7','55');
INSERT INTO `groups_users` (`group_id`,`user_id`) VALUES ('85','41');
INSERT INTO `groups_users` (`group_id`,`user_id`) VALUES ('11','77');
INSERT INTO `groups_users` (`group_id`,`user_id`) VALUES ('79','14');
INSERT INTO `groups_users` (`group_id`,`user_id`) VALUES ('83','6');
INSERT INTO `groups_users` (`group_id`,`user_id`) VALUES ('22','72');
INSERT INTO `groups_users` (`group_id`,`user_id`) VALUES ('41','42');
INSERT INTO `groups_users` (`group_id`,`user_id`) VALUES ('51','39');
INSERT INTO `groups_users` (`group_id`,`user_id`) VALUES ('21','73');
INSERT INTO `groups_users` (`group_id`,`user_id`) VALUES ('11','38');
INSERT INTO `groups_users` (`group_id`,`user_id`) VALUES ('90','54');
INSERT INTO `groups_users` (`group_id`,`user_id`) VALUES ('51','77');
INSERT INTO `groups_users` (`group_id`,`user_id`) VALUES ('80','72');
INSERT INTO `groups_users` (`group_id`,`user_id`) VALUES ('99','37');
INSERT INTO `groups_users` (`group_id`,`user_id`) VALUES ('70','60');
INSERT INTO `groups_users` (`group_id`,`user_id`) VALUES ('13','76');
INSERT INTO `groups_users` (`group_id`,`user_id`) VALUES ('15','97');
INSERT INTO `groups_users` (`group_id`,`user_id`) VALUES ('17','26');
INSERT INTO `groups_users` (`group_id`,`user_id`) VALUES ('74','95');
INSERT INTO `groups_users` (`group_id`,`user_id`) VALUES ('39','57');
INSERT INTO `groups_users` (`group_id`,`user_id`) VALUES ('100','60');
INSERT INTO `groups_users` (`group_id`,`user_id`) VALUES ('29','41');
INSERT INTO `groups_users` (`group_id`,`user_id`) VALUES ('1','79');
INSERT INTO `groups_users` (`group_id`,`user_id`) VALUES ('80','22');
INSERT INTO `groups_users` (`group_id`,`user_id`) VALUES ('51','91');
INSERT INTO `groups_users` (`group_id`,`user_id`) VALUES ('59','41');
INSERT INTO `groups_users` (`group_id`,`user_id`) VALUES ('44','9');
INSERT INTO `groups_users` (`group_id`,`user_id`) VALUES ('17','24');
INSERT INTO `groups_users` (`group_id`,`user_id`) VALUES ('81','15');
INSERT INTO `groups_users` (`group_id`,`user_id`) VALUES ('61','50');
INSERT INTO `groups_users` (`group_id`,`user_id`) VALUES ('75','74');
INSERT INTO `groups_users` (`group_id`,`user_id`) VALUES ('26','89');
INSERT INTO `groups_users` (`group_id`,`user_id`) VALUES ('70','42');
INSERT INTO `groups_users` (`group_id`,`user_id`) VALUES ('15','44');
INSERT INTO `groups_users` (`group_id`,`user_id`) VALUES ('37','53');
INSERT INTO `groups_users` (`group_id`,`user_id`) VALUES ('100','37');
INSERT INTO `groups_users` (`group_id`,`user_id`) VALUES ('13','28');
INSERT INTO `groups_users` (`group_id`,`user_id`) VALUES ('77','13');
INSERT INTO `groups_users` (`group_id`,`user_id`) VALUES ('6','57');
INSERT INTO `groups_users` (`group_id`,`user_id`) VALUES ('35','57');
INSERT INTO `groups_users` (`group_id`,`user_id`) VALUES ('47','93');
INSERT INTO `groups_users` (`group_id`,`user_id`) VALUES ('97','91');
INSERT INTO `groups_users` (`group_id`,`user_id`) VALUES ('2','13');
INSERT INTO `groups_users` (`group_id`,`user_id`) VALUES ('15','82');
INSERT INTO `groups_users` (`group_id`,`user_id`) VALUES ('28','75');
INSERT INTO `groups_users` (`group_id`,`user_id`) VALUES ('31','3');
INSERT INTO `groups_users` (`group_id`,`user_id`) VALUES ('48','57');
INSERT INTO `groups_users` (`group_id`,`user_id`) VALUES ('92','18');
INSERT INTO `groups_users` (`group_id`,`user_id`) VALUES ('98','6');
INSERT INTO `groups_users` (`group_id`,`user_id`) VALUES ('61','34');
INSERT INTO `groups_users` (`group_id`,`user_id`) VALUES ('59','61');
INSERT INTO `groups_users` (`group_id`,`user_id`) VALUES ('70','71');
INSERT INTO `groups_users` (`group_id`,`user_id`) VALUES ('89','47');
INSERT INTO `groups_users` (`group_id`,`user_id`) VALUES ('84','94');
INSERT INTO `groups_users` (`group_id`,`user_id`) VALUES ('4','18');
INSERT INTO `groups_users` (`group_id`,`user_id`) VALUES ('50','50');
INSERT INTO `groups_users` (`group_id`,`user_id`) VALUES ('10','47');
INSERT INTO `groups_users` (`group_id`,`user_id`) VALUES ('41','12');
INSERT INTO `groups_users` (`group_id`,`user_id`) VALUES ('60','55');
INSERT INTO `groups_users` (`group_id`,`user_id`) VALUES ('93','88');
INSERT INTO `groups_users` (`group_id`,`user_id`) VALUES ('30','24');
INSERT INTO `groups_users` (`group_id`,`user_id`) VALUES ('90','77');
INSERT INTO `groups_users` (`group_id`,`user_id`) VALUES ('80','82');
INSERT INTO `groups_users` (`group_id`,`user_id`) VALUES ('95','77');
INSERT INTO `groups_users` (`group_id`,`user_id`) VALUES ('88','56');
INSERT INTO `groups_users` (`group_id`,`user_id`) VALUES ('11','46');
INSERT INTO `groups_users` (`group_id`,`user_id`) VALUES ('16','81');
INSERT INTO `groups_users` (`group_id`,`user_id`) VALUES ('16','4');
INSERT INTO `groups_users` (`group_id`,`user_id`) VALUES ('27','100');
INSERT INTO `groups_users` (`group_id`,`user_id`) VALUES ('98','31');
INSERT INTO `groups_users` (`group_id`,`user_id`) VALUES ('17','48');
INSERT INTO `groups_users` (`group_id`,`user_id`) VALUES ('80','27');
INSERT INTO `groups_users` (`group_id`,`user_id`) VALUES ('95','21');
INSERT INTO `groups_users` (`group_id`,`user_id`) VALUES ('39','54');
INSERT INTO `groups_users` (`group_id`,`user_id`) VALUES ('75','31');
INSERT INTO `groups_users` (`group_id`,`user_id`) VALUES ('41','5');
INSERT INTO `groups_users` (`group_id`,`user_id`) VALUES ('54','31');
INSERT INTO `groups_users` (`group_id`,`user_id`) VALUES ('82','33');
INSERT INTO `groups_users` (`group_id`,`user_id`) VALUES ('12','76');
INSERT INTO `groups_users` (`group_id`,`user_id`) VALUES ('10','99');
INSERT INTO `groups_users` (`group_id`,`user_id`) VALUES ('32','20');
INSERT INTO `groups_users` (`group_id`,`user_id`) VALUES ('44','47');
INSERT INTO `groups_users` (`group_id`,`user_id`) VALUES ('1','60');
INSERT INTO `groups_users` (`group_id`,`user_id`) VALUES ('51','27');
INSERT INTO `groups_users` (`group_id`,`user_id`) VALUES ('60','49');
INSERT INTO `groups_users` (`group_id`,`user_id`) VALUES ('58','77');
INSERT INTO `groups_users` (`group_id`,`user_id`) VALUES ('97','37');
INSERT INTO `groups_users` (`group_id`,`user_id`) VALUES ('4','91');
INSERT INTO `groups_users` (`group_id`,`user_id`) VALUES ('58','42');
INSERT INTO `groups_users` (`group_id`,`user_id`) VALUES ('44','33');
INSERT INTO `groups_users` (`group_id`,`user_id`) VALUES ('72','85');
INSERT INTO `groups_users` (`group_id`,`user_id`) VALUES ('37','26');

INSERT INTO `subtransactions` (`amount`,`accepted`,`created`,`modified`,`payer_id`,`borrower_id`,`transaction_id`) VALUES ('202','1','2013-01-27 16:03:07','2012-08-26 06:07:16','44','57','44');
INSERT INTO `subtransactions` (`amount`,`accepted`,`created`,`modified`,`payer_id`,`borrower_id`,`transaction_id`) VALUES ('468','1','2012-07-18 16:09:06','2012-09-10 23:52:06','10','73','43');
INSERT INTO `subtransactions` (`amount`,`accepted`,`created`,`modified`,`payer_id`,`borrower_id`,`transaction_id`) VALUES ('328','1','2012-04-23 05:09:51','2012-12-26 12:37:46','70','38','60');
INSERT INTO `subtransactions` (`amount`,`accepted`,`created`,`modified`,`payer_id`,`borrower_id`,`transaction_id`) VALUES ('436','1','2012-05-10 00:48:37','2012-09-23 06:30:36','29','66','42');
INSERT INTO `subtransactions` (`amount`,`accepted`,`created`,`modified`,`payer_id`,`borrower_id`,`transaction_id`) VALUES ('420','1','2013-02-07 21:07:04','2012-11-14 23:07:01','81','2','88');
INSERT INTO `subtransactions` (`amount`,`accepted`,`created`,`modified`,`payer_id`,`borrower_id`,`transaction_id`) VALUES ('120','1','2012-06-21 17:33:34','2013-02-07 09:20:01','25','43','84');
INSERT INTO `subtransactions` (`amount`,`accepted`,`created`,`modified`,`payer_id`,`borrower_id`,`transaction_id`) VALUES ('68','1','2012-11-26 04:24:21','2012-06-20 19:28:52','50','50','31');
INSERT INTO `subtransactions` (`amount`,`accepted`,`created`,`modified`,`payer_id`,`borrower_id`,`transaction_id`) VALUES ('525','1','2013-01-24 04:55:42','2012-06-10 13:21:00','2','2','4');
INSERT INTO `subtransactions` (`amount`,`accepted`,`created`,`modified`,`payer_id`,`borrower_id`,`transaction_id`) VALUES ('264','1','2012-09-07 08:42:11','2013-01-22 12:15:20','11','13','96');
INSERT INTO `subtransactions` (`amount`,`accepted`,`created`,`modified`,`payer_id`,`borrower_id`,`transaction_id`) VALUES ('409','1','2012-10-18 07:03:43','2012-04-25 08:19:32','80','99','54');
INSERT INTO `subtransactions` (`amount`,`accepted`,`created`,`modified`,`payer_id`,`borrower_id`,`transaction_id`) VALUES ('142','1','2012-06-23 05:37:59','2012-03-09 12:56:20','26','2','73');
INSERT INTO `subtransactions` (`amount`,`accepted`,`created`,`modified`,`payer_id`,`borrower_id`,`transaction_id`) VALUES ('99','1','2012-09-20 07:05:58','2012-04-13 02:15:07','77','38','61');
INSERT INTO `subtransactions` (`amount`,`accepted`,`created`,`modified`,`payer_id`,`borrower_id`,`transaction_id`) VALUES ('351','1','2012-03-31 08:54:47','2012-05-19 00:55:52','36','9','94');
INSERT INTO `subtransactions` (`amount`,`accepted`,`created`,`modified`,`payer_id`,`borrower_id`,`transaction_id`) VALUES ('385','1','2012-03-28 16:54:31','2012-05-20 09:02:05','25','67','3');
INSERT INTO `subtransactions` (`amount`,`accepted`,`created`,`modified`,`payer_id`,`borrower_id`,`transaction_id`) VALUES ('185','1','2012-03-10 02:56:45','2012-07-12 18:00:34','60','40','24');
INSERT INTO `subtransactions` (`amount`,`accepted`,`created`,`modified`,`payer_id`,`borrower_id`,`transaction_id`) VALUES ('325','1','2012-04-06 22:22:24','2012-04-29 05:04:34','12','35','9');
INSERT INTO `subtransactions` (`amount`,`accepted`,`created`,`modified`,`payer_id`,`borrower_id`,`transaction_id`) VALUES ('376','1','2012-04-23 13:21:58','2012-05-23 13:45:37','80','90','57');
INSERT INTO `subtransactions` (`amount`,`accepted`,`created`,`modified`,`payer_id`,`borrower_id`,`transaction_id`) VALUES ('313','1','2013-01-13 08:19:10','2012-07-03 05:51:46','75','29','40');
INSERT INTO `subtransactions` (`amount`,`accepted`,`created`,`modified`,`payer_id`,`borrower_id`,`transaction_id`) VALUES ('218','1','2012-03-27 07:48:51','2012-07-26 00:06:35','83','70','97');
INSERT INTO `subtransactions` (`amount`,`accepted`,`created`,`modified`,`payer_id`,`borrower_id`,`transaction_id`) VALUES ('442','1','2012-06-19 15:49:25','2013-02-22 07:34:41','98','2','3');
INSERT INTO `subtransactions` (`amount`,`accepted`,`created`,`modified`,`payer_id`,`borrower_id`,`transaction_id`) VALUES ('34','1','2012-10-19 17:39:27','2013-02-16 23:17:28','13','60','70');
INSERT INTO `subtransactions` (`amount`,`accepted`,`created`,`modified`,`payer_id`,`borrower_id`,`transaction_id`) VALUES ('225','1','2012-11-11 01:33:18','2013-01-11 15:52:31','80','48','49');
INSERT INTO `subtransactions` (`amount`,`accepted`,`created`,`modified`,`payer_id`,`borrower_id`,`transaction_id`) VALUES ('502','1','2012-08-31 07:59:35','2013-01-30 21:56:31','4','68','1');
INSERT INTO `subtransactions` (`amount`,`accepted`,`created`,`modified`,`payer_id`,`borrower_id`,`transaction_id`) VALUES ('352','1','2012-11-07 09:24:30','2013-02-27 09:23:02','3','34','49');
INSERT INTO `subtransactions` (`amount`,`accepted`,`created`,`modified`,`payer_id`,`borrower_id`,`transaction_id`) VALUES ('255','1','2012-10-30 02:18:39','2012-03-16 11:49:38','37','25','39');
INSERT INTO `subtransactions` (`amount`,`accepted`,`created`,`modified`,`payer_id`,`borrower_id`,`transaction_id`) VALUES ('213','1','2012-04-11 15:30:54','2012-12-21 03:13:59','75','32','3');
INSERT INTO `subtransactions` (`amount`,`accepted`,`created`,`modified`,`payer_id`,`borrower_id`,`transaction_id`) VALUES ('443','1','2012-08-19 01:09:49','2012-09-19 19:11:44','33','90','92');
INSERT INTO `subtransactions` (`amount`,`accepted`,`created`,`modified`,`payer_id`,`borrower_id`,`transaction_id`) VALUES ('42','1','2013-02-06 20:53:09','2012-09-14 15:56:32','7','82','73');
INSERT INTO `subtransactions` (`amount`,`accepted`,`created`,`modified`,`payer_id`,`borrower_id`,`transaction_id`) VALUES ('327','1','2012-06-29 17:45:49','2012-07-28 21:08:16','84','59','37');
INSERT INTO `subtransactions` (`amount`,`accepted`,`created`,`modified`,`payer_id`,`borrower_id`,`transaction_id`) VALUES ('486','1','2012-07-17 18:41:16','2012-11-19 02:03:53','56','88','53');
INSERT INTO `subtransactions` (`amount`,`accepted`,`created`,`modified`,`payer_id`,`borrower_id`,`transaction_id`) VALUES ('53','1','2012-07-26 03:38:10','2012-10-31 08:13:40','21','41','54');
INSERT INTO `subtransactions` (`amount`,`accepted`,`created`,`modified`,`payer_id`,`borrower_id`,`transaction_id`) VALUES ('349','1','2013-01-05 01:43:08','2012-08-16 00:59:54','55','34','6');
INSERT INTO `subtransactions` (`amount`,`accepted`,`created`,`modified`,`payer_id`,`borrower_id`,`transaction_id`) VALUES ('338','1','2012-11-17 10:53:15','2013-02-21 10:04:47','38','90','100');
INSERT INTO `subtransactions` (`amount`,`accepted`,`created`,`modified`,`payer_id`,`borrower_id`,`transaction_id`) VALUES ('186','1','2012-09-26 02:05:47','2012-05-06 21:53:14','26','35','73');
INSERT INTO `subtransactions` (`amount`,`accepted`,`created`,`modified`,`payer_id`,`borrower_id`,`transaction_id`) VALUES ('557','1','2012-12-25 03:13:44','2012-08-28 20:45:54','42','82','49');
INSERT INTO `subtransactions` (`amount`,`accepted`,`created`,`modified`,`payer_id`,`borrower_id`,`transaction_id`) VALUES ('447','1','2012-11-16 12:00:13','2012-05-22 12:32:36','67','33','54');
INSERT INTO `subtransactions` (`amount`,`accepted`,`created`,`modified`,`payer_id`,`borrower_id`,`transaction_id`) VALUES ('133','1','2012-09-12 00:25:06','2013-01-22 21:56:31','83','40','78');
INSERT INTO `subtransactions` (`amount`,`accepted`,`created`,`modified`,`payer_id`,`borrower_id`,`transaction_id`) VALUES ('227','1','2012-06-07 14:05:21','2012-09-24 19:03:23','52','91','33');
INSERT INTO `subtransactions` (`amount`,`accepted`,`created`,`modified`,`payer_id`,`borrower_id`,`transaction_id`) VALUES ('336','1','2012-07-15 16:12:38','2012-04-03 15:04:46','43','94','38');
INSERT INTO `subtransactions` (`amount`,`accepted`,`created`,`modified`,`payer_id`,`borrower_id`,`transaction_id`) VALUES ('257','1','2012-11-27 19:45:07','2012-10-23 21:22:16','30','68','58');
INSERT INTO `subtransactions` (`amount`,`accepted`,`created`,`modified`,`payer_id`,`borrower_id`,`transaction_id`) VALUES ('43','1','2012-10-26 04:56:34','2012-10-09 12:47:54','48','44','48');
INSERT INTO `subtransactions` (`amount`,`accepted`,`created`,`modified`,`payer_id`,`borrower_id`,`transaction_id`) VALUES ('544','1','2012-10-04 09:53:54','2012-09-29 21:33:23','14','63','54');
INSERT INTO `subtransactions` (`amount`,`accepted`,`created`,`modified`,`payer_id`,`borrower_id`,`transaction_id`) VALUES ('395','1','2012-10-28 00:07:53','2012-04-28 21:26:28','91','51','21');
INSERT INTO `subtransactions` (`amount`,`accepted`,`created`,`modified`,`payer_id`,`borrower_id`,`transaction_id`) VALUES ('396','1','2012-09-09 20:59:24','2012-09-02 01:49:07','20','20','78');
INSERT INTO `subtransactions` (`amount`,`accepted`,`created`,`modified`,`payer_id`,`borrower_id`,`transaction_id`) VALUES ('306','1','2012-06-12 15:48:39','2012-03-22 01:21:17','26','94','70');
INSERT INTO `subtransactions` (`amount`,`accepted`,`created`,`modified`,`payer_id`,`borrower_id`,`transaction_id`) VALUES ('373','1','2013-02-14 06:31:46','2012-11-21 15:27:43','93','94','3');
INSERT INTO `subtransactions` (`amount`,`accepted`,`created`,`modified`,`payer_id`,`borrower_id`,`transaction_id`) VALUES ('296','1','2012-09-03 09:54:26','2012-07-10 06:08:12','68','97','39');
INSERT INTO `subtransactions` (`amount`,`accepted`,`created`,`modified`,`payer_id`,`borrower_id`,`transaction_id`) VALUES ('114','1','2012-11-18 18:49:40','2012-09-09 03:39:18','60','30','55');
INSERT INTO `subtransactions` (`amount`,`accepted`,`created`,`modified`,`payer_id`,`borrower_id`,`transaction_id`) VALUES ('104','1','2012-10-26 06:06:17','2012-11-02 03:19:56','36','5','48');
INSERT INTO `subtransactions` (`amount`,`accepted`,`created`,`modified`,`payer_id`,`borrower_id`,`transaction_id`) VALUES ('330','1','2013-02-26 15:56:12','2013-01-13 07:12:50','35','75','92');
INSERT INTO `subtransactions` (`amount`,`accepted`,`created`,`modified`,`payer_id`,`borrower_id`,`transaction_id`) VALUES ('98','1','2012-07-02 03:52:29','2012-03-22 05:59:49','68','39','20');
INSERT INTO `subtransactions` (`amount`,`accepted`,`created`,`modified`,`payer_id`,`borrower_id`,`transaction_id`) VALUES ('229','1','2012-09-19 01:39:46','2012-06-14 23:46:41','55','29','96');
INSERT INTO `subtransactions` (`amount`,`accepted`,`created`,`modified`,`payer_id`,`borrower_id`,`transaction_id`) VALUES ('337','1','2012-03-30 19:03:48','2012-08-18 04:10:45','90','25','75');
INSERT INTO `subtransactions` (`amount`,`accepted`,`created`,`modified`,`payer_id`,`borrower_id`,`transaction_id`) VALUES ('185','1','2012-07-02 08:10:34','2013-01-17 16:33:59','67','88','70');
INSERT INTO `subtransactions` (`amount`,`accepted`,`created`,`modified`,`payer_id`,`borrower_id`,`transaction_id`) VALUES ('143','1','2012-05-10 02:16:39','2012-09-04 06:33:07','67','56','6');
INSERT INTO `subtransactions` (`amount`,`accepted`,`created`,`modified`,`payer_id`,`borrower_id`,`transaction_id`) VALUES ('107','1','2012-10-02 15:41:16','2012-04-22 12:30:26','78','49','86');
INSERT INTO `subtransactions` (`amount`,`accepted`,`created`,`modified`,`payer_id`,`borrower_id`,`transaction_id`) VALUES ('399','1','2012-05-27 21:20:17','2012-11-19 02:14:43','12','36','99');
INSERT INTO `subtransactions` (`amount`,`accepted`,`created`,`modified`,`payer_id`,`borrower_id`,`transaction_id`) VALUES ('198','1','2013-02-04 23:22:17','2012-10-28 18:56:01','1','86','1');
INSERT INTO `subtransactions` (`amount`,`accepted`,`created`,`modified`,`payer_id`,`borrower_id`,`transaction_id`) VALUES ('546','1','2013-03-01 07:25:30','2012-09-21 00:39:04','79','86','68');
INSERT INTO `subtransactions` (`amount`,`accepted`,`created`,`modified`,`payer_id`,`borrower_id`,`transaction_id`) VALUES ('317','1','2013-02-12 00:12:11','2012-11-03 23:41:20','8','20','3');
INSERT INTO `subtransactions` (`amount`,`accepted`,`created`,`modified`,`payer_id`,`borrower_id`,`transaction_id`) VALUES ('444','1','2012-09-22 08:12:25','2013-01-26 00:08:22','4','44','96');
INSERT INTO `subtransactions` (`amount`,`accepted`,`created`,`modified`,`payer_id`,`borrower_id`,`transaction_id`) VALUES ('79','1','2012-10-06 01:29:44','2012-08-30 22:21:25','8','86','6');
INSERT INTO `subtransactions` (`amount`,`accepted`,`created`,`modified`,`payer_id`,`borrower_id`,`transaction_id`) VALUES ('530','1','2012-04-30 05:03:50','2012-06-14 16:11:47','67','5','90');
INSERT INTO `subtransactions` (`amount`,`accepted`,`created`,`modified`,`payer_id`,`borrower_id`,`transaction_id`) VALUES ('381','1','2012-10-26 02:13:50','2012-08-10 10:52:02','63','67','21');
INSERT INTO `subtransactions` (`amount`,`accepted`,`created`,`modified`,`payer_id`,`borrower_id`,`transaction_id`) VALUES ('369','1','2012-11-18 23:04:39','2012-07-17 04:48:54','64','42','48');
INSERT INTO `subtransactions` (`amount`,`accepted`,`created`,`modified`,`payer_id`,`borrower_id`,`transaction_id`) VALUES ('195','1','2012-08-08 14:14:15','2012-04-10 05:43:37','63','38','15');
INSERT INTO `subtransactions` (`amount`,`accepted`,`created`,`modified`,`payer_id`,`borrower_id`,`transaction_id`) VALUES ('378','1','2012-07-10 16:36:13','2012-10-06 07:09:03','55','69','58');
INSERT INTO `subtransactions` (`amount`,`accepted`,`created`,`modified`,`payer_id`,`borrower_id`,`transaction_id`) VALUES ('302','1','2012-06-17 16:08:23','2012-12-20 19:54:45','15','58','63');
INSERT INTO `subtransactions` (`amount`,`accepted`,`created`,`modified`,`payer_id`,`borrower_id`,`transaction_id`) VALUES ('141','1','2012-08-17 05:36:10','2013-01-08 17:00:05','18','87','56');
INSERT INTO `subtransactions` (`amount`,`accepted`,`created`,`modified`,`payer_id`,`borrower_id`,`transaction_id`) VALUES ('70','1','2012-11-25 07:41:55','2012-10-01 09:15:09','91','70','18');
INSERT INTO `subtransactions` (`amount`,`accepted`,`created`,`modified`,`payer_id`,`borrower_id`,`transaction_id`) VALUES ('96','1','2013-01-27 11:53:07','2012-11-20 19:08:06','80','76','74');
INSERT INTO `subtransactions` (`amount`,`accepted`,`created`,`modified`,`payer_id`,`borrower_id`,`transaction_id`) VALUES ('179','1','2012-06-01 01:04:54','2012-05-06 13:29:46','69','90','44');
INSERT INTO `subtransactions` (`amount`,`accepted`,`created`,`modified`,`payer_id`,`borrower_id`,`transaction_id`) VALUES ('476','1','2012-03-09 05:00:22','2012-03-10 21:30:36','59','38','23');
INSERT INTO `subtransactions` (`amount`,`accepted`,`created`,`modified`,`payer_id`,`borrower_id`,`transaction_id`) VALUES ('119','1','2012-09-07 19:22:46','2012-04-16 11:10:01','100','32','46');
INSERT INTO `subtransactions` (`amount`,`accepted`,`created`,`modified`,`payer_id`,`borrower_id`,`transaction_id`) VALUES ('363','1','2012-09-06 06:33:44','2012-03-25 01:47:11','96','79','38');
INSERT INTO `subtransactions` (`amount`,`accepted`,`created`,`modified`,`payer_id`,`borrower_id`,`transaction_id`) VALUES ('304','1','2012-05-17 16:00:17','2012-08-21 20:11:15','90','42','56');
INSERT INTO `subtransactions` (`amount`,`accepted`,`created`,`modified`,`payer_id`,`borrower_id`,`transaction_id`) VALUES ('69','1','2012-03-07 01:03:19','2012-12-24 20:34:24','88','87','29');
INSERT INTO `subtransactions` (`amount`,`accepted`,`created`,`modified`,`payer_id`,`borrower_id`,`transaction_id`) VALUES ('358','1','2012-11-10 09:06:28','2012-04-19 17:30:50','35','30','4');
INSERT INTO `subtransactions` (`amount`,`accepted`,`created`,`modified`,`payer_id`,`borrower_id`,`transaction_id`) VALUES ('449','1','2012-09-07 10:40:52','2012-03-02 15:47:36','58','37','50');
INSERT INTO `subtransactions` (`amount`,`accepted`,`created`,`modified`,`payer_id`,`borrower_id`,`transaction_id`) VALUES ('463','1','2013-02-23 04:01:44','2012-10-03 03:40:14','37','80','84');
INSERT INTO `subtransactions` (`amount`,`accepted`,`created`,`modified`,`payer_id`,`borrower_id`,`transaction_id`) VALUES ('471','1','2012-11-24 02:52:12','2012-11-16 23:56:10','35','78','21');
INSERT INTO `subtransactions` (`amount`,`accepted`,`created`,`modified`,`payer_id`,`borrower_id`,`transaction_id`) VALUES ('420','1','2013-01-12 07:25:08','2012-05-23 18:07:27','7','62','71');
INSERT INTO `subtransactions` (`amount`,`accepted`,`created`,`modified`,`payer_id`,`borrower_id`,`transaction_id`) VALUES ('361','1','2012-05-26 10:31:59','2012-03-20 23:32:50','24','49','55');
INSERT INTO `subtransactions` (`amount`,`accepted`,`created`,`modified`,`payer_id`,`borrower_id`,`transaction_id`) VALUES ('315','1','2012-11-30 18:33:42','2012-12-02 04:35:47','69','88','39');
INSERT INTO `subtransactions` (`amount`,`accepted`,`created`,`modified`,`payer_id`,`borrower_id`,`transaction_id`) VALUES ('419','1','2012-04-12 07:46:08','2012-05-03 09:56:41','51','31','2');
INSERT INTO `subtransactions` (`amount`,`accepted`,`created`,`modified`,`payer_id`,`borrower_id`,`transaction_id`) VALUES ('567','1','2012-09-27 11:24:10','2012-04-27 12:59:37','54','37','91');
INSERT INTO `subtransactions` (`amount`,`accepted`,`created`,`modified`,`payer_id`,`borrower_id`,`transaction_id`) VALUES ('228','1','2012-10-18 11:50:34','2012-08-04 12:09:59','32','72','97');
INSERT INTO `subtransactions` (`amount`,`accepted`,`created`,`modified`,`payer_id`,`borrower_id`,`transaction_id`) VALUES ('310','1','2013-02-12 14:46:00','2012-10-20 03:57:04','25','59','6');
INSERT INTO `subtransactions` (`amount`,`accepted`,`created`,`modified`,`payer_id`,`borrower_id`,`transaction_id`) VALUES ('541','1','2012-04-23 20:17:56','2012-10-24 05:52:54','74','19','69');
INSERT INTO `subtransactions` (`amount`,`accepted`,`created`,`modified`,`payer_id`,`borrower_id`,`transaction_id`) VALUES ('186','1','2012-11-06 21:22:43','2012-04-13 04:42:24','78','98','59');
INSERT INTO `subtransactions` (`amount`,`accepted`,`created`,`modified`,`payer_id`,`borrower_id`,`transaction_id`) VALUES ('118','1','2012-11-10 13:14:23','2012-09-09 23:31:39','24','67','100');
INSERT INTO `subtransactions` (`amount`,`accepted`,`created`,`modified`,`payer_id`,`borrower_id`,`transaction_id`) VALUES ('166','1','2012-05-24 23:46:32','2012-04-22 22:58:43','11','79','4');
INSERT INTO `subtransactions` (`amount`,`accepted`,`created`,`modified`,`payer_id`,`borrower_id`,`transaction_id`) VALUES ('36','1','2013-01-21 04:51:18','2012-05-15 17:13:45','22','33','86');
INSERT INTO `subtransactions` (`amount`,`accepted`,`created`,`modified`,`payer_id`,`borrower_id`,`transaction_id`) VALUES ('130','1','2012-09-09 19:15:37','2012-05-09 06:15:13','30','44','43');
INSERT INTO `subtransactions` (`amount`,`accepted`,`created`,`modified`,`payer_id`,`borrower_id`,`transaction_id`) VALUES ('218','1','2012-08-10 14:37:23','2012-09-17 05:23:20','62','9','58');
INSERT INTO `subtransactions` (`amount`,`accepted`,`created`,`modified`,`payer_id`,`borrower_id`,`transaction_id`) VALUES ('193','1','2012-08-24 18:32:53','2012-05-27 09:56:49','29','8','35');
INSERT INTO `subtransactions` (`amount`,`accepted`,`created`,`modified`,`payer_id`,`borrower_id`,`transaction_id`) VALUES ('501','1','2012-06-28 13:16:39','2012-11-19 20:14:28','5','12','91');
INSERT INTO `subtransactions` (`amount`,`accepted`,`created`,`modified`,`payer_id`,`borrower_id`,`transaction_id`) VALUES ('53','1','2012-07-04 16:56:24','2012-08-22 10:07:26','57','15','15');
INSERT INTO `subtransactions` (`amount`,`accepted`,`created`,`modified`,`payer_id`,`borrower_id`,`transaction_id`) VALUES ('351','1','2012-04-15 05:29:18','2013-02-19 06:13:09','30','82','48');
INSERT INTO `subtransactions` (`amount`,`accepted`,`created`,`modified`,`payer_id`,`borrower_id`,`transaction_id`) VALUES ('114','1','2012-08-17 18:09:07','2012-03-06 10:21:03','32','45','43');



INSERT INTO `transactions` (`id`, `title`, `description`, `total_amount`, `date`, `created`, `modified`, `created_by`, `group_id`) VALUES
(1, 'bibendum fermentum metus.', 'ut, nulla. Cras eu tellus eu augue porttitor interdum. Sed auctor odio a', 471, NULL, '2012-11-09 17:24:33', '2012-04-26 17:35:03', 70, 19),
(2, 'ac mattis ornare,', 'et malesuada fames ac turpis egestas. Fusce aliquet magna a neque. Nullam ut nisi', 241, NULL, '2012-06-01 11:20:11', '2012-05-23 11:36:00', 2, 22),
(3, 'dolor sit amet,', 'non justo. Proin non massa non ante bibendum ullamcorper. Duis cursus, diam at pretium', 185, NULL, '2012-08-30 20:58:37', '2012-10-31 08:12:50', 99, 2),
(4, 'dictum sapien. Aenean', 'pretium et, rutrum non, hendrerit id, ante. Nunc mauris sapien, cursus in,', 496, NULL, '2013-02-03 10:18:48', '2012-07-29 11:33:28', 47, 22),
(5, 'ipsum ac mi', 'aliquam adipiscing lacus. Ut nec urna et arcu imperdiet ullamcorper. Duis at lacus.', 207, NULL, '2012-05-16 09:29:02', '2012-07-06 11:43:39', 99, 2),
(6, 'enim non nisi.', 'aptent taciti sociosqu ad litora torquent per conubia nostra, per inceptos hymenaeos.', 385, NULL, '2012-09-30 23:31:53', '2012-11-26 16:33:58', 85, 22),
(7, 'eros nec tellus.', 'metus. Vivamus euismod urna. Nullam lobortis quam a felis ullamcorper viverra.', 437, NULL, '2012-04-29 11:53:09', '2012-03-30 02:43:38', 14, 2),
(8, 'orci lobortis augue', 'nibh. Phasellus nulla. Integer vulputate, risus a ultricies adipiscing, enim mi tempor lorem, eget', 94, NULL, '2012-12-12 02:51:20', '2012-03-10 15:43:03', 8, 22),
(9, 'laoreet ipsum. Curabitur', 'pellentesque, tellus sem mollis dui, in sodales elit erat vitae risus. Duis a mi fringilla', 306, NULL, '2012-11-21 07:08:29', '2012-10-29 19:57:07', 19, 3),
(10, 'placerat eget, venenatis', 'enim. Etiam imperdiet dictum magna. Ut tincidunt orci quis lectus. Nullam suscipit, est', 225, NULL, '2012-05-25 17:05:36', '2013-01-03 14:47:38', 52, 23),
(11, 'diam. Pellentesque habitant', 'at augue id ante dictum cursus. Nunc mauris elit, dictum eu,', 69, NULL, '2012-04-16 02:41:39', '2012-06-09 22:20:14', 51, 10),
(12, 'blandit enim consequat', 'malesuada fames ac turpis egestas. Aliquam fringilla cursus purus. Nullam', 261, NULL, '2012-08-22 17:10:34', '2012-11-06 20:51:07', 82, 4),
(13, 'consectetuer euismod est', 'sit amet ante. Vivamus non lorem vitae odio sagittis semper. Nam tempor diam dictum', 65, NULL, '2012-08-03 09:32:09', '2012-09-03 01:45:36', 49, 16),
(14, 'taciti sociosqu ad', 'Maecenas libero est, congue a, aliquet vel, vulputate eu, odio.', 111, NULL, '2013-02-27 13:08:27', '2012-06-17 23:48:48', 23, 21),
(15, 'rhoncus. Proin nisl', 'feugiat metus sit amet ante. Vivamus non lorem vitae odio', 52, NULL, '2012-03-06 14:06:01', '2012-09-30 12:45:02', 56, 5),
(16, 'ultrices a, auctor', 'turpis. Aliquam adipiscing lobortis risus. In mi pede, nonummy ut, molestie in, tempus eu,', 516, NULL, '2012-06-02 21:01:32', '2012-04-30 16:54:23', 18, 12),
(17, 'arcu vel quam', 'Morbi metus. Vivamus euismod urna. Nullam lobortis quam a felis ullamcorper viverra. Maecenas iaculis aliquet', 509, NULL, '2012-07-13 04:11:42', '2012-12-16 09:20:52', 4, 20),
(18, 'malesuada vel, convallis', 'nec, malesuada ut, sem. Nulla interdum. Curabitur dictum. Phasellus in', 417, NULL, '2012-08-10 19:17:26', '2012-03-19 21:14:53', 49, 15),
(19, 'enim nisl elementum', 'eget lacus. Mauris non dui nec urna suscipit nonummy. Fusce fermentum fermentum', 98, NULL, '2012-12-25 23:39:21', '2012-09-13 02:18:53', 49, 18),
(20, 'est arcu ac', 'enim. Etiam imperdiet dictum magna. Ut tincidunt orci quis lectus. Nullam suscipit,', 501, NULL, '2012-07-24 17:54:42', '2013-02-16 17:36:15', 53, 19),
(21, 'ut ipsum ac', 'enim commodo hendrerit. Donec porttitor tellus non magna. Nam ligula', 538, NULL, '2012-05-04 10:36:53', '2012-10-23 07:45:45', 16, 14),
(22, 'vitae odio sagittis', 'sed, hendrerit a, arcu. Sed et libero. Proin mi. Aliquam gravida', 210, NULL, '2012-12-12 15:25:12', '2012-07-20 08:09:43', 16, 17),
(23, 'enim. Suspendisse aliquet,', 'Nam consequat dolor vitae dolor. Donec fringilla. Donec feugiat metus', 300, NULL, '2012-12-14 22:14:19', '2012-06-27 16:37:36', 94, 15),
(24, 'sem, vitae aliquam', 'sit amet, consectetuer adipiscing elit. Aliquam auctor, velit eget laoreet posuere, enim', 212, NULL, '2012-06-15 10:39:09', '2012-11-02 11:41:26', 9, 2),
(25, 'sagittis lobortis mauris.', 'lorem, vehicula et, rutrum eu, ultrices sit amet, risus. Donec nibh', 406, NULL, '2012-09-07 09:08:31', '2013-02-19 23:39:14', 46, 17),
(26, 'adipiscing elit. Aliquam', 'tellus lorem eu metus. In lorem. Donec elementum, lorem ut aliquam iaculis,', 345, NULL, '2013-02-16 02:09:21', '2012-12-23 12:07:13', 29, 1),
(27, 'auctor quis, tristique', 'eu turpis. Nulla aliquet. Proin velit. Sed malesuada augue ut lacus. Nulla', 535, NULL, '2012-05-24 23:42:13', '2012-04-29 07:09:55', 35, 6),
(28, 'nunc sed libero.', 'ac facilisis facilisis, magna tellus faucibus leo, in lobortis tellus', 309, NULL, '2013-01-10 16:28:31', '2012-09-19 11:18:49', 41, 4),
(29, 'Nullam vitae diam.', 'bibendum. Donec felis orci, adipiscing non, luctus sit amet, faucibus ut, nulla. Cras', 502, NULL, '2012-04-11 05:58:28', '2012-09-12 22:32:11', 17, 1),
(30, 'Nullam feugiat placerat', 'ridiculus mus. Proin vel nisl. Quisque fringilla euismod enim. Etiam', 234, NULL, '2012-09-14 12:22:43', '2013-01-31 09:33:45', 37, 20),
(31, 'nulla. Donec non', 'auctor velit. Aliquam nisl. Nulla eu neque pellentesque massa lobortis ultrices. Vivamus rhoncus. Donec est.', 94, NULL, '2012-03-17 10:30:40', '2012-09-26 01:29:23', 56, 20),
(32, 'cursus luctus, ipsum', 'ullamcorper eu, euismod ac, fermentum vel, mauris. Integer sem elit,', 559, NULL, '2012-07-26 21:10:39', '2013-02-02 19:43:46', 69, 17),
(33, 'egestas rhoncus. Proin', 'non arcu. Vivamus sit amet risus. Donec egestas. Aliquam nec enim. Nunc', 373, NULL, '2012-05-15 13:21:23', '2012-06-17 03:19:14', 29, 2),
(34, 'orci, adipiscing non,', 'urna. Nullam lobortis quam a felis ullamcorper viverra. Maecenas iaculis aliquet', 58, NULL, '2012-03-27 19:12:36', '2012-12-26 20:53:15', 71, 7),
(35, 'Nullam vitae diam.', 'viverra. Maecenas iaculis aliquet diam. Sed diam lorem, auctor quis, tristique ac, eleifend vitae,', 142, NULL, '2013-01-20 12:30:21', '2012-10-21 20:28:23', 69, 6),
(36, 'vel nisl. Quisque', 'est arcu ac orci. Ut semper pretium neque. Morbi quis urna. Nunc quis', 60, NULL, '2012-03-24 13:38:14', '2012-09-15 15:05:39', 97, 9),
(37, 'nisi a odio', 'Cras vulputate velit eu sem. Pellentesque ut ipsum ac mi eleifend egestas. Sed', 444, NULL, '2012-09-02 23:00:43', '2012-08-27 06:45:16', 78, 4),
(38, 'Aliquam erat volutpat.', 'sit amet metus. Aliquam erat volutpat. Nulla facilisis. Suspendisse commodo tincidunt nibh. Phasellus nulla. Integer', 213, NULL, '2012-06-16 05:43:43', '2012-09-06 04:57:34', 90, 18),
(39, 'Vestibulum ut eros', 'lorem lorem, luctus ut, pellentesque eget, dictum placerat, augue. Sed molestie. Sed id', 387, NULL, '2012-11-01 14:24:04', '2013-01-01 15:18:51', 22, 5),
(40, 'Nullam enim. Sed', 'Nulla aliquet. Proin velit. Sed malesuada augue ut lacus. Nulla', 512, NULL, '2012-09-20 09:37:36', '2012-11-08 04:06:11', 16, 18),
(41, 'egestas. Aliquam nec', 'diam nunc, ullamcorper eu, euismod ac, fermentum vel, mauris. Integer sem elit, pharetra', 280, NULL, '2012-04-01 16:56:12', '2012-04-23 09:36:30', 86, 2),
(42, 'eu dui. Cum', 'tempor bibendum. Donec felis orci, adipiscing non, luctus sit amet, faucibus ut, nulla. Cras eu', 222, NULL, '2012-11-19 12:29:25', '2012-05-04 09:15:36', 4, 8),
(43, 'eget massa. Suspendisse', 'neque pellentesque massa lobortis ultrices. Vivamus rhoncus. Donec est. Nunc ullamcorper, velit', 156, NULL, '2012-11-24 11:36:53', '2013-02-17 20:25:31', 20, 9),
(44, 'enim nec tempus', 'Sed dictum. Proin eget odio. Aliquam vulputate ullamcorper magna. Sed eu eros. Nam', 219, NULL, '2012-06-16 16:54:44', '2012-10-24 17:21:38', 95, 20),
(45, 'arcu imperdiet ullamcorper.', 'sociis natoque penatibus et magnis dis parturient montes, nascetur ridiculus mus. Proin vel nisl. Quisque', 172, NULL, '2012-04-28 23:10:15', '2012-03-09 23:02:39', 58, NULL),
(46, 'Curae; Donec tincidunt.', 'parturient montes, nascetur ridiculus mus. Donec dignissim magna a tortor. Nunc commodo auctor velit.', 102, NULL, '2013-01-30 10:37:48', '2013-01-11 00:14:41', 70, 15),
(47, 'pede sagittis augue,', 'dignissim lacus. Aliquam rutrum lorem ac risus. Morbi metus. Vivamus euismod', 461, NULL, '2012-04-12 13:44:06', '2012-03-24 22:57:07', 70, 2),
(48, 'euismod mauris eu', 'quam. Curabitur vel lectus. Cum sociis natoque penatibus et magnis dis parturient', 384, NULL, '2012-07-04 01:12:11', '2012-06-28 12:42:54', 80, 16),
(49, 'quam dignissim pharetra.', 'fermentum fermentum arcu. Vestibulum ante ipsum primis in faucibus orci', 253, NULL, '2012-11-21 03:53:46', '2012-07-31 11:12:08', 30, 24),
(50, 'dolor elit, pellentesque', 'ipsum. Curabitur consequat, lectus sit amet luctus vulputate, nisi sem semper erat, in consectetuer ipsum', 317, NULL, '2013-01-16 15:05:39', '2012-09-24 23:11:03', 24, 21),
(51, 'malesuada fames ac', 'sem ut cursus luctus, ipsum leo elementum sem, vitae aliquam eros turpis non', 232, NULL, '2012-11-20 21:37:15', '2012-03-12 22:44:52', 81, 11),
(52, 'Vestibulum ante ipsum', 'facilisis, magna tellus faucibus leo, in lobortis tellus justo sit', 253, NULL, '2012-07-31 20:33:29', '2012-08-05 09:12:29', 24, 16),
(53, 'arcu. Morbi sit', 'convallis, ante lectus convallis est, vitae sodales nisi magna sed dui.', 381, NULL, '2012-03-16 08:10:27', '2012-03-23 09:12:28', 6, 24),
(54, 'enim. Mauris quis', 'tempor, est ac mattis semper, dui lectus rutrum urna, nec luctus felis purus ac tellus.', 478, NULL, '2013-01-01 13:03:52', '2012-03-14 22:32:33', 52, 19),
(55, 'libero at auctor', 'id, ante. Nunc mauris sapien, cursus in, hendrerit consectetuer, cursus et, magna. Praesent', 308, NULL, '2013-01-04 16:50:36', '2012-08-03 06:41:27', 97, 2),
(56, 'ultricies adipiscing, enim', 'aliquam iaculis, lacus pede sagittis augue, eu tempor erat neque non quam. Pellentesque habitant morbi', 455, NULL, '2012-06-25 22:41:51', '2012-07-24 00:12:15', 47, 4),
(57, 'odio semper cursus.', 'nec urna et arcu imperdiet ullamcorper. Duis at lacus. Quisque purus sapien, gravida', 152, NULL, '2012-12-27 07:13:51', '2013-02-16 13:33:52', 2, 13),
(58, 'a nunc. In', 'Sed eu eros. Nam consequat dolor vitae dolor. Donec fringilla. Donec feugiat metus sit amet', 256, NULL, '2012-11-30 00:14:17', '2012-08-23 21:26:41', 36, 5),
(59, 'risus. Morbi metus.', 'sit amet nulla. Donec non justo. Proin non massa non ante bibendum ullamcorper. Duis', 470, NULL, '2012-07-23 02:58:08', '2013-01-24 21:10:11', 37, 10),
(60, 'viverra. Donec tempus,', 'orci luctus et ultrices posuere cubilia Curae; Phasellus ornare. Fusce mollis. Duis sit amet diam', 117, NULL, '2012-04-05 13:35:55', '2012-04-05 16:55:32', 81, 13),
(61, 'sed consequat auctor,', 'rutrum lorem ac risus. Morbi metus. Vivamus euismod urna. Nullam lobortis quam', 211, NULL, '2012-11-25 12:08:21', '2013-01-28 22:18:06', 97, 8),
(62, 'eget, volutpat ornare,', 'et, euismod et, commodo at, libero. Morbi accumsan laoreet ipsum. Curabitur', 118, NULL, '2012-03-26 05:01:25', '2012-06-19 05:12:20', 1, 1),
(63, 'diam. Sed diam', 'eu dui. Cum sociis natoque penatibus et magnis dis parturient montes,', 232, NULL, '2012-12-04 13:37:58', '2012-04-21 04:53:14', 46, 9),
(64, 'metus. Aenean sed', 'urna justo faucibus lectus, a sollicitudin orci sem eget massa. Suspendisse', 448, NULL, '2012-12-12 07:49:55', '2012-11-10 16:37:10', 61, 15),
(65, 'Sed nec metus', 'sollicitudin adipiscing ligula. Aenean gravida nunc sed pede. Cum sociis', 235, NULL, '2013-01-09 10:41:15', '2012-09-10 00:11:02', 95, 24),
(66, 'velit. Aliquam nisl.', 'nunc. Quisque ornare tortor at risus. Nunc ac sem ut', 524, NULL, '2012-03-15 17:13:55', '2012-05-07 16:31:39', 20, NULL),
(67, 'Donec at arcu.', 'dui. Cum sociis natoque penatibus et magnis dis parturient montes, nascetur ridiculus mus. Aenean', 74, NULL, '2012-11-03 12:33:54', '2012-12-13 12:50:05', 1, 2),
(68, 'Proin non massa', 'eget lacus. Mauris non dui nec urna suscipit nonummy. Fusce fermentum fermentum', 305, NULL, '2012-08-01 01:45:12', '2012-11-25 08:27:45', 56, 12),
(69, 'fermentum fermentum arcu.', 'Lorem ipsum dolor sit amet, consectetuer adipiscing elit. Etiam laoreet, libero et tristique pellentesque, tellus', 497, NULL, '2013-01-17 15:30:30', '2012-05-26 13:33:17', 25, 7),
(70, 'Cras lorem lorem,', 'vestibulum, neque sed dictum eleifend, nunc risus varius orci, in consequat enim diam', 383, NULL, '2012-09-28 08:44:11', '2012-10-28 14:31:05', 31, 21),
(71, 'erat semper rutrum.', 'dictum eleifend, nunc risus varius orci, in consequat enim diam vel arcu.', 223, NULL, '2012-06-20 12:06:46', '2012-10-10 05:43:48', 80, 10),
(72, 'ornare egestas ligula.', 'Donec elementum, lorem ut aliquam iaculis, lacus pede sagittis augue,', 193, NULL, '2013-01-23 21:01:44', '2012-05-01 01:24:12', 97, 13),
(73, 'dolor quam, elementum', 'id, libero. Donec consectetuer mauris id sapien. Cras dolor dolor,', 399, NULL, '2012-11-01 20:15:39', '2012-04-23 01:45:12', 11, 11),
(74, 'sapien. Cras dolor', 'Donec tempor, est ac mattis semper, dui lectus rutrum urna, nec', 489, NULL, '2012-11-30 12:19:22', '2012-11-16 02:53:07', 81, 16),
(75, 'arcu et pede.', 'quam. Curabitur vel lectus. Cum sociis natoque penatibus et magnis', 479, NULL, '2012-08-12 22:17:58', '2012-08-24 23:10:50', 95, 24),
(76, 'gravida. Aliquam tincidunt,', 'enim nec tempus scelerisque, lorem ipsum sodales purus, in molestie', 222, NULL, '2013-01-06 08:53:13', '2012-06-27 06:56:44', 74, 22),
(77, 'Etiam ligula tortor,', 'quis turpis vitae purus gravida sagittis. Duis gravida. Praesent eu nulla at', 145, NULL, '2013-01-06 12:35:18', '2013-01-12 06:30:08', 75, 15),
(78, 'ullamcorper eu, euismod', 'elit. Etiam laoreet, libero et tristique pellentesque, tellus sem mollis dui, in sodales', 458, NULL, '2012-09-30 09:58:58', '2012-04-12 15:17:00', 90, 9),
(79, 'Suspendisse sagittis. Nullam', 'ipsum nunc id enim. Curabitur massa. Vestibulum accumsan neque et nunc. Quisque ornare tortor', 242, NULL, '2012-06-22 10:16:16', '2012-07-11 03:11:35', 52, 24),
(80, 'lacus. Quisque purus', 'fringilla purus mauris a nunc. In at pede. Cras vulputate', 304, NULL, '2013-01-22 03:23:09', '2012-10-20 02:39:23', 88, 20),
(81, 'urna convallis erat,', 'nonummy ac, feugiat non, lobortis quis, pede. Suspendisse dui. Fusce diam nunc, ullamcorper', 191, NULL, '2012-11-01 18:23:39', '2013-03-01 16:04:44', 39, 4),
(82, 'accumsan laoreet ipsum.', 'nisi magna sed dui. Fusce aliquam, enim nec tempus scelerisque, lorem', 230, NULL, '2012-05-14 08:58:22', '2012-09-24 02:14:51', 58, 10),
(83, 'mi pede, nonummy', 'mauris. Integer sem elit, pharetra ut, pharetra sed, hendrerit a,', 226, NULL, '2012-11-14 05:27:40', '2012-07-11 13:24:57', 36, 12),
(84, 'pretium neque. Morbi', 'sollicitudin commodo ipsum. Suspendisse non leo. Vivamus nibh dolor, nonummy ac,', 301, NULL, '2012-11-28 12:03:33', '2012-09-28 07:59:06', 12, 5),
(85, 'lorem ut aliquam', 'Cras interdum. Nunc sollicitudin commodo ipsum. Suspendisse non leo. Vivamus nibh', 435, NULL, '2012-10-10 17:54:08', '2012-09-12 06:21:38', 66, 16),
(86, 'lectus convallis est,', 'amet ultricies sem magna nec quam. Curabitur vel lectus. Cum sociis natoque penatibus et', 181, NULL, '2012-09-17 14:27:25', '2012-12-05 11:09:36', 28, 16),
(87, 'mauris blandit mattis.', 'ut ipsum ac mi eleifend egestas. Sed pharetra, felis eget varius ultrices, mauris ipsum porta', 304, NULL, '2012-06-09 14:23:25', '2012-06-25 00:22:42', 20, 8),
(88, 'facilisi. Sed neque.', 'massa. Suspendisse eleifend. Cras sed leo. Cras vehicula aliquet libero. Integer in', 397, NULL, '2012-05-21 22:28:18', '2012-04-11 23:58:24', 78, 18),
(89, 'Lorem ipsum dolor', 'et nunc. Quisque ornare tortor at risus. Nunc ac sem ut dolor dapibus gravida. Aliquam', 541, NULL, '2012-06-29 08:17:01', '2012-12-19 13:56:51', 25, 15),
(90, 'tempus risus. Donec', 'id magna et ipsum cursus vestibulum. Mauris magna. Duis dignissim tempor arcu. Vestibulum', 152, NULL, '2012-12-18 01:58:31', '2012-03-29 15:11:52', 17, 23),
(91, 'lectus. Cum sociis', 'dolor elit, pellentesque a, facilisis non, bibendum sed, est. Nunc', 364, NULL, '2013-02-12 09:32:07', '2012-04-01 02:08:19', 82, 21),
(92, 'a neque. Nullam', 'Nam ligula elit, pretium et, rutrum non, hendrerit id, ante.', 432, NULL, '2012-04-12 15:45:48', '2012-04-26 06:22:31', 37, 10),
(93, 'fames ac turpis', 'quis diam luctus lobortis. Class aptent taciti sociosqu ad litora torquent', 396, NULL, '2012-12-27 04:13:58', '2012-10-30 11:20:41', 81, 13),
(94, 'eu augue porttitor', 'mauris eu elit. Nulla facilisi. Sed neque. Sed eget lacus. Mauris non dui nec urna', 496, NULL, '2012-05-17 01:17:54', '2012-05-18 00:00:58', 58, 9),
(95, 'dolor sit amet,', 'a purus. Duis elementum, dui quis accumsan convallis, ante lectus convallis est, vitae sodales nisi', 519, NULL, '2013-02-28 16:17:14', '2013-02-28 22:45:01', 81, 9),
(96, 'Ut semper pretium', 'accumsan convallis, ante lectus convallis est, vitae sodales nisi magna sed', 178, NULL, '2012-06-25 22:52:18', '2012-04-12 10:25:26', 41, 19),
(97, 'Phasellus elit pede,', 'vitae sodales nisi magna sed dui. Fusce aliquam, enim nec tempus scelerisque, lorem ipsum sodales', 58, NULL, '2012-06-12 05:09:36', '2012-05-06 07:35:08', 57, 19),
(98, 'arcu. Nunc mauris.', 'montes, nascetur ridiculus mus. Aenean eget magna. Suspendisse tristique neque', 492, NULL, '2012-08-14 09:51:57', '2012-05-30 19:12:22', 87, 12),
(99, 'Duis at lacus.', 'blandit enim consequat purus. Maecenas libero est, congue a, aliquet vel, vulputate eu, odio.', 178, NULL, '2012-08-23 18:42:38', '2012-11-17 09:18:16', 40, 2),
(100, 'vitae, aliquet nec,', 'Nunc mauris. Morbi non sapien molestie orci tincidunt adipiscing. Mauris molestie pharetra nibh. Aliquam', 133, NULL, '2013-02-11 12:44:17', '2012-09-27 11:58:41', 60, NULL);



INSERT INTO `users` (`first_name`,`last_name`,`email`,`created`,`modified`) VALUES ('Dennis','Jacobson','ipsum.primis.in@Donec.edu','2013-01-17 23:48:30','2012-05-03 21:57:24');
INSERT INTO `users` (`first_name`,`last_name`,`email`,`created`,`modified`) VALUES ('Bevis','Alford','sed.sem.egestas@tincidunt.edu','2012-06-28 21:19:39','2012-03-02 21:58:24');
INSERT INTO `users` (`first_name`,`last_name`,`email`,`created`,`modified`) VALUES ('Nerea','Blake','elit@acrisus.com','2013-01-29 10:35:53','2012-05-12 03:33:07');
INSERT INTO `users` (`first_name`,`last_name`,`email`,`created`,`modified`) VALUES ('Naomi','Wright','fringilla@nullaIntincidunt.edu','2012-09-01 23:17:45','2012-06-20 13:34:28');
INSERT INTO `users` (`first_name`,`last_name`,`email`,`created`,`modified`) VALUES ('Kirk','Shaffer','In@elit.org','2012-04-15 12:05:24','2012-03-11 03:19:23');
INSERT INTO `users` (`first_name`,`last_name`,`email`,`created`,`modified`) VALUES ('Keefe','Byers','libero.Donec.consectetuer@porttitor.com','2012-10-01 08:56:13','2013-02-23 10:48:58');
INSERT INTO `users` (`first_name`,`last_name`,`email`,`created`,`modified`) VALUES ('Dieter','Collier','et.libero@egestas.ca','2012-09-16 05:25:51','2012-05-08 05:26:19');
INSERT INTO `users` (`first_name`,`last_name`,`email`,`created`,`modified`) VALUES ('Perry','Clay','ut@Phasellus.edu','2012-06-27 14:30:53','2012-12-21 10:30:49');
INSERT INTO `users` (`first_name`,`last_name`,`email`,`created`,`modified`) VALUES ('Winifred','Terrell','id@vehiculaaliquetlibero.com','2012-10-24 22:33:29','2013-01-01 04:36:45');
INSERT INTO `users` (`first_name`,`last_name`,`email`,`created`,`modified`) VALUES ('Alfreda','Davenport','eget.nisi.dictum@venenatisvel.edu','2012-08-20 13:05:09','2012-07-14 16:33:45');
INSERT INTO `users` (`first_name`,`last_name`,`email`,`created`,`modified`) VALUES ('John','Bonner','mauris.erat.eget@mauris.org','2013-01-23 14:50:07','2013-01-05 13:23:19');
INSERT INTO `users` (`first_name`,`last_name`,`email`,`created`,`modified`) VALUES ('Kelsey','Armstrong','orci.tincidunt@vulputate.org','2012-09-28 19:27:21','2012-10-07 21:13:33');
INSERT INTO `users` (`first_name`,`last_name`,`email`,`created`,`modified`) VALUES ('Graiden','Patterson','adipiscing.ligula.Aenean@ametornare.ca','2012-10-24 22:35:26','2012-03-04 08:20:01');
INSERT INTO `users` (`first_name`,`last_name`,`email`,`created`,`modified`) VALUES ('Fritz','Pearson','Maecenas@acurnaUt.ca','2012-09-30 04:09:06','2012-11-24 11:24:12');
INSERT INTO `users` (`first_name`,`last_name`,`email`,`created`,`modified`) VALUES ('Eleanor','Nash','tortor@consectetueradipiscingelit.org','2012-04-24 21:17:35','2012-07-23 13:08:33');
INSERT INTO `users` (`first_name`,`last_name`,`email`,`created`,`modified`) VALUES ('Adrienne','Witt','nunc@congue.ca','2013-02-22 08:36:17','2012-10-08 00:10:46');
INSERT INTO `users` (`first_name`,`last_name`,`email`,`created`,`modified`) VALUES ('Chiquita','Faulkner','nisi.dictum@vulputatemaurissagittis.ca','2012-12-04 14:22:21','2012-06-10 08:35:34');
INSERT INTO `users` (`first_name`,`last_name`,`email`,`created`,`modified`) VALUES ('Lev','Sexton','lectus.ante.dictum@facilisisSuspendisse.com','2012-06-24 17:55:59','2012-05-17 00:24:13');
INSERT INTO `users` (`first_name`,`last_name`,`email`,`created`,`modified`) VALUES ('Jesse','Travis','aliquet@enimcondimentum.org','2013-02-11 19:29:37','2013-02-09 22:38:53');
INSERT INTO `users` (`first_name`,`last_name`,`email`,`created`,`modified`) VALUES ('Evan','Bridges','sollicitudin@dis.ca','2012-08-04 11:59:15','2012-10-12 04:22:25');
INSERT INTO `users` (`first_name`,`last_name`,`email`,`created`,`modified`) VALUES ('Avram','Blair','tincidunt.tempus.risus@tacitisociosqu.ca','2012-08-27 19:42:41','2012-06-05 05:48:31');
INSERT INTO `users` (`first_name`,`last_name`,`email`,`created`,`modified`) VALUES ('Gemma','Rose','Cras.interdum.Nunc@estNunc.ca','2012-05-09 05:25:46','2012-08-26 23:18:56');
INSERT INTO `users` (`first_name`,`last_name`,`email`,`created`,`modified`) VALUES ('Cassidy','Ford','Suspendisse@diam.com','2012-06-15 15:36:47','2012-05-19 15:16:38');
INSERT INTO `users` (`first_name`,`last_name`,`email`,`created`,`modified`) VALUES ('Quon','Obrien','Integer.mollis.Integer@sapienNuncpulvinar.com','2013-01-23 05:21:43','2012-08-10 19:47:08');
INSERT INTO `users` (`first_name`,`last_name`,`email`,`created`,`modified`) VALUES ('Simone','Guzman','leo@maurisut.edu','2012-11-23 10:27:37','2012-08-02 23:21:11');
INSERT INTO `users` (`first_name`,`last_name`,`email`,`created`,`modified`) VALUES ('Rina','Dejesus','sem@metus.edu','2012-03-24 11:09:49','2012-06-25 05:59:21');
INSERT INTO `users` (`first_name`,`last_name`,`email`,`created`,`modified`) VALUES ('Maxine','Combs','felis.eget.varius@odioAliquam.com','2012-12-19 12:00:26','2012-06-18 16:58:26');
INSERT INTO `users` (`first_name`,`last_name`,`email`,`created`,`modified`) VALUES ('Nelle','Johnson','aliquam.enim.nec@ultrices.org','2012-11-16 09:33:54','2012-04-23 00:54:21');
INSERT INTO `users` (`first_name`,`last_name`,`email`,`created`,`modified`) VALUES ('Victor','Underwood','Duis.a.mi@neque.org','2012-05-15 06:11:32','2012-06-30 15:10:11');
INSERT INTO `users` (`first_name`,`last_name`,`email`,`created`,`modified`) VALUES ('Otto','Cole','nec.eleifend.non@Quisquepurus.org','2013-01-23 08:32:47','2012-06-28 09:40:39');
INSERT INTO `users` (`first_name`,`last_name`,`email`,`created`,`modified`) VALUES ('Isaiah','Rocha','Donec.egestas.Aliquam@vitaevelitegestas.ca','2013-01-04 10:10:04','2012-10-19 13:04:58');
INSERT INTO `users` (`first_name`,`last_name`,`email`,`created`,`modified`) VALUES ('Jasmine','Solomon','sodales.Mauris@Quisqueporttitor.org','2013-02-28 18:42:34','2012-05-26 16:37:39');
INSERT INTO `users` (`first_name`,`last_name`,`email`,`created`,`modified`) VALUES ('Joseph','Christensen','eleifend@tempor.edu','2012-04-13 05:18:33','2012-05-08 15:29:33');
INSERT INTO `users` (`first_name`,`last_name`,`email`,`created`,`modified`) VALUES ('Hadassah','Gonzales','non.cursus.non@adipiscingfringilla.org','2013-01-11 11:31:10','2012-11-22 13:47:04');
INSERT INTO `users` (`first_name`,`last_name`,`email`,`created`,`modified`) VALUES ('Whitney','Weaver','Sed.malesuada@loremvitaeodio.com','2013-01-13 01:44:39','2012-08-02 02:06:53');
INSERT INTO `users` (`first_name`,`last_name`,`email`,`created`,`modified`) VALUES ('Noah','Stevens','Phasellus.at@egetvariusultrices.com','2013-01-28 10:00:09','2013-02-12 20:08:16');
INSERT INTO `users` (`first_name`,`last_name`,`email`,`created`,`modified`) VALUES ('Ashton','Cain','dignissim.tempor.arcu@at.ca','2012-06-09 04:37:04','2013-02-14 03:32:11');
INSERT INTO `users` (`first_name`,`last_name`,`email`,`created`,`modified`) VALUES ('Hasad','Flynn','Suspendisse@Aliquamadipiscing.ca','2012-12-16 17:16:33','2012-04-05 05:30:20');
INSERT INTO `users` (`first_name`,`last_name`,`email`,`created`,`modified`) VALUES ('Channing','Cameron','sapien.Aenean@neque.org','2012-06-01 01:37:16','2012-12-05 23:23:23');
INSERT INTO `users` (`first_name`,`last_name`,`email`,`created`,`modified`) VALUES ('Ruth','Woods','arcu@interdumSedauctor.org','2012-04-28 15:22:09','2012-03-02 01:01:01');
INSERT INTO `users` (`first_name`,`last_name`,`email`,`created`,`modified`) VALUES ('Levi','Ferguson','orci@convallisdolor.edu','2013-02-12 18:47:07','2012-10-19 00:28:48');
INSERT INTO `users` (`first_name`,`last_name`,`email`,`created`,`modified`) VALUES ('Nola','Combs','Donec@antelectus.ca','2012-10-23 09:52:05','2013-01-01 00:58:22');
INSERT INTO `users` (`first_name`,`last_name`,`email`,`created`,`modified`) VALUES ('Brynn','Newton','facilisis.eget.ipsum@cubiliaCurae;Phasellus.com','2012-04-25 20:57:34','2012-12-27 09:01:01');
INSERT INTO `users` (`first_name`,`last_name`,`email`,`created`,`modified`) VALUES ('Tamara','Boyer','semper.pretium.neque@non.edu','2012-06-06 09:01:03','2012-04-25 22:55:37');
INSERT INTO `users` (`first_name`,`last_name`,`email`,`created`,`modified`) VALUES ('Vincent','Jennings','mauris.sagittis.placerat@elementumpurusaccumsan.edu','2012-12-22 13:51:38','2012-07-19 01:27:18');
INSERT INTO `users` (`first_name`,`last_name`,`email`,`created`,`modified`) VALUES ('Caryn','Avery','risus.a@lacus.ca','2012-05-05 11:12:31','2012-03-24 00:40:08');
INSERT INTO `users` (`first_name`,`last_name`,`email`,`created`,`modified`) VALUES ('Nichole','Cain','iaculis.lacus.pede@mattisCraseget.edu','2013-01-03 07:14:49','2012-12-20 13:38:43');
INSERT INTO `users` (`first_name`,`last_name`,`email`,`created`,`modified`) VALUES ('Lewis','Rojas','molestie.tellus@lectusNullamsuscipit.edu','2012-05-13 00:48:20','2012-07-22 23:48:33');
INSERT INTO `users` (`first_name`,`last_name`,`email`,`created`,`modified`) VALUES ('William','Mendez','libero.Morbi@ligula.com','2012-10-15 03:54:21','2013-01-23 09:52:54');
INSERT INTO `users` (`first_name`,`last_name`,`email`,`created`,`modified`) VALUES ('Shana','Hammond','at.lacus@netuset.ca','2012-07-14 17:10:52','2012-07-07 02:28:32');
INSERT INTO `users` (`first_name`,`last_name`,`email`,`created`,`modified`) VALUES ('Macey','Potter','gravida.nunc.sed@quisurnaNunc.edu','2013-02-10 13:56:31','2012-06-14 05:18:18');
INSERT INTO `users` (`first_name`,`last_name`,`email`,`created`,`modified`) VALUES ('Megan','Emerson','molestie@velit.org','2013-01-04 07:38:49','2012-03-11 03:50:23');
INSERT INTO `users` (`first_name`,`last_name`,`email`,`created`,`modified`) VALUES ('Vernon','Leblanc','Quisque.libero.lacus@ac.ca','2012-04-10 18:47:43','2012-08-07 20:34:21');
INSERT INTO `users` (`first_name`,`last_name`,`email`,`created`,`modified`) VALUES ('Damon','Rasmussen','Aliquam@et.edu','2013-01-27 14:09:36','2012-05-30 21:56:30');
INSERT INTO `users` (`first_name`,`last_name`,`email`,`created`,`modified`) VALUES ('Kelly','Valentine','aliquam.eros.turpis@sitamet.com','2012-12-25 18:54:55','2013-02-22 14:51:48');
INSERT INTO `users` (`first_name`,`last_name`,`email`,`created`,`modified`) VALUES ('Karen','Mcclure','vulputate.eu@fermentumvelmauris.com','2012-06-25 19:27:55','2012-11-07 08:37:09');
INSERT INTO `users` (`first_name`,`last_name`,`email`,`created`,`modified`) VALUES ('Thor','Swanson','tempor@Nuncut.org','2012-12-09 13:04:04','2012-08-25 20:14:29');
INSERT INTO `users` (`first_name`,`last_name`,`email`,`created`,`modified`) VALUES ('Kuame','Jarvis','sodales.elit@pede.ca','2013-01-23 00:35:11','2012-09-19 17:13:09');
INSERT INTO `users` (`first_name`,`last_name`,`email`,`created`,`modified`) VALUES ('Gil','Mccormick','lectus.pede.et@Aliquamgravida.edu','2012-08-18 09:27:16','2013-01-22 13:50:28');
INSERT INTO `users` (`first_name`,`last_name`,`email`,`created`,`modified`) VALUES ('Cally','Sheppard','fringilla.ornare@Maurisquis.ca','2012-11-05 16:35:05','2012-07-22 08:16:28');
INSERT INTO `users` (`first_name`,`last_name`,`email`,`created`,`modified`) VALUES ('Dorothy','Buckley','dictum@arcu.edu','2012-09-23 09:19:27','2012-10-08 21:14:23');
INSERT INTO `users` (`first_name`,`last_name`,`email`,`created`,`modified`) VALUES ('Hyacinth','Long','auctor.vitae.aliquet@Donec.ca','2012-10-31 13:53:52','2012-06-14 22:18:03');
INSERT INTO `users` (`first_name`,`last_name`,`email`,`created`,`modified`) VALUES ('Dana','Anderson','interdum.ligula@convalliserat.com','2012-05-17 07:01:04','2013-02-07 14:55:56');
INSERT INTO `users` (`first_name`,`last_name`,`email`,`created`,`modified`) VALUES ('Bertha','Mcdaniel','dictum.placerat@euerat.ca','2012-03-14 09:32:50','2012-09-18 12:21:06');
INSERT INTO `users` (`first_name`,`last_name`,`email`,`created`,`modified`) VALUES ('Shelby','Compton','ante.Vivamus.non@convallis.com','2012-04-24 19:04:45','2013-01-02 08:55:34');
INSERT INTO `users` (`first_name`,`last_name`,`email`,`created`,`modified`) VALUES ('Eugenia','Ingram','condimentum.Donec@Quisque.org','2012-05-17 06:09:23','2012-07-02 16:24:14');
INSERT INTO `users` (`first_name`,`last_name`,`email`,`created`,`modified`) VALUES ('Aladdin','Gutierrez','Sed.id@Craspellentesque.ca','2013-02-23 23:03:21','2012-09-17 04:57:44');
INSERT INTO `users` (`first_name`,`last_name`,`email`,`created`,`modified`) VALUES ('Zahir','Poole','metus@tempor.com','2012-06-24 18:53:06','2012-03-17 23:31:17');
INSERT INTO `users` (`first_name`,`last_name`,`email`,`created`,`modified`) VALUES ('Perry','Stone','faucibus@non.org','2012-10-30 21:33:22','2012-05-02 13:50:52');
INSERT INTO `users` (`first_name`,`last_name`,`email`,`created`,`modified`) VALUES ('Hamilton','Barton','Donec@dapibusligula.com','2012-10-24 11:29:10','2012-05-23 03:57:58');
INSERT INTO `users` (`first_name`,`last_name`,`email`,`created`,`modified`) VALUES ('Kaseem','Jacobson','Nullam@erosnonenim.ca','2013-02-15 14:43:05','2013-01-16 09:40:12');
INSERT INTO `users` (`first_name`,`last_name`,`email`,`created`,`modified`) VALUES ('Cyrus','Odom','neque.Sed@sedhendrerit.com','2012-09-09 03:22:27','2012-11-19 13:15:03');
INSERT INTO `users` (`first_name`,`last_name`,`email`,`created`,`modified`) VALUES ('Orlando','Russo','aliquet.molestie@enimCurabiturmassa.edu','2012-07-20 08:31:00','2013-03-01 00:26:27');
INSERT INTO `users` (`first_name`,`last_name`,`email`,`created`,`modified`) VALUES ('Phillip','Vincent','vitae.odio.sagittis@Nullamscelerisqueneque.ca','2012-04-11 05:46:23','2012-08-23 18:05:28');
INSERT INTO `users` (`first_name`,`last_name`,`email`,`created`,`modified`) VALUES ('Joelle','Delaney','sed@sedpedeCum.org','2013-01-25 01:39:31','2012-04-15 09:46:14');
INSERT INTO `users` (`first_name`,`last_name`,`email`,`created`,`modified`) VALUES ('Kevyn','Taylor','Donec.luctus@leoMorbi.ca','2012-03-14 07:09:35','2013-01-31 14:23:42');
INSERT INTO `users` (`first_name`,`last_name`,`email`,`created`,`modified`) VALUES ('Zahir','Walters','turpis@leoVivamusnibh.edu','2012-06-08 23:44:48','2012-12-16 22:22:09');
INSERT INTO `users` (`first_name`,`last_name`,`email`,`created`,`modified`) VALUES ('Imogene','Smith','eu@nuncestmollis.com','2012-11-17 20:49:04','2012-10-02 17:26:31');
INSERT INTO `users` (`first_name`,`last_name`,`email`,`created`,`modified`) VALUES ('Preston','White','Cras@at.com','2012-04-04 13:50:58','2012-10-03 20:14:13');
INSERT INTO `users` (`first_name`,`last_name`,`email`,`created`,`modified`) VALUES ('Tatiana','Noble','Donec.felis.orci@Integervitae.edu','2012-08-18 12:08:01','2013-02-07 12:19:55');
INSERT INTO `users` (`first_name`,`last_name`,`email`,`created`,`modified`) VALUES ('Cade','Bullock','Vivamus@mi.ca','2012-11-28 09:31:32','2013-01-25 10:40:16');
INSERT INTO `users` (`first_name`,`last_name`,`email`,`created`,`modified`) VALUES ('Ria','Houston','ultrices@dui.com','2012-08-29 14:53:26','2012-04-08 04:43:35');
INSERT INTO `users` (`first_name`,`last_name`,`email`,`created`,`modified`) VALUES ('Baker','Howard','morbi.tristique.senectus@fringillacursus.edu','2012-05-08 18:51:51','2012-08-31 07:47:57');
INSERT INTO `users` (`first_name`,`last_name`,`email`,`created`,`modified`) VALUES ('Louis','Copeland','eu.ultrices@cursusluctusipsum.ca','2012-07-07 09:26:33','2012-07-17 06:02:52');
INSERT INTO `users` (`first_name`,`last_name`,`email`,`created`,`modified`) VALUES ('Irene','Finch','hendrerit@urnaVivamus.org','2012-08-30 18:22:50','2013-02-10 16:08:02');
INSERT INTO `users` (`first_name`,`last_name`,`email`,`created`,`modified`) VALUES ('Jakeem','Stokes','lobortis.Class@non.com','2012-03-06 11:56:49','2012-09-03 17:29:13');
INSERT INTO `users` (`first_name`,`last_name`,`email`,`created`,`modified`) VALUES ('Maggie','Weeks','Nunc.quis.arcu@maurisid.org','2012-11-05 10:05:13','2013-01-10 04:30:44');
INSERT INTO `users` (`first_name`,`last_name`,`email`,`created`,`modified`) VALUES ('Ross','Kaufman','non.bibendum@sedtortorInteger.ca','2013-01-15 02:07:35','2012-04-26 11:32:21');
INSERT INTO `users` (`first_name`,`last_name`,`email`,`created`,`modified`) VALUES ('Kyra','Cash','consectetuer.adipiscing.elit@pedeNunc.org','2012-11-15 02:05:41','2012-03-04 11:57:40');
INSERT INTO `users` (`first_name`,`last_name`,`email`,`created`,`modified`) VALUES ('Serina','Hill','arcu@fames.org','2012-08-02 18:16:29','2012-09-10 23:01:48');
INSERT INTO `users` (`first_name`,`last_name`,`email`,`created`,`modified`) VALUES ('Madison','Hutchinson','ut@acfermentum.ca','2012-05-25 21:15:43','2012-05-31 20:04:54');
INSERT INTO `users` (`first_name`,`last_name`,`email`,`created`,`modified`) VALUES ('Rylee','Mcdaniel','iaculis.quis@mauris.edu','2012-08-07 05:39:03','2012-07-21 13:37:26');
INSERT INTO `users` (`first_name`,`last_name`,`email`,`created`,`modified`) VALUES ('Quinlan','Coleman','mus.Proin.vel@metusAliquam.com','2013-02-17 10:51:22','2012-11-24 13:00:25');
INSERT INTO `users` (`first_name`,`last_name`,`email`,`created`,`modified`) VALUES ('Raphael','Vargas','elit.pede.malesuada@euelit.ca','2013-01-28 00:26:32','2012-06-19 00:11:27');
INSERT INTO `users` (`first_name`,`last_name`,`email`,`created`,`modified`) VALUES ('Mariko','Benton','conubia.nostra@ligulaNullam.org','2012-12-03 08:56:37','2012-09-19 17:06:12');
INSERT INTO `users` (`first_name`,`last_name`,`email`,`created`,`modified`) VALUES ('Walter','Kennedy','Phasellus.fermentum@elit.com','2012-12-27 13:55:49','2012-08-10 03:57:53');
INSERT INTO `users` (`first_name`,`last_name`,`email`,`created`,`modified`) VALUES ('Carlos','Cole','justo.nec@estvitae.com','2012-06-18 10:16:46','2012-12-26 19:34:03');
INSERT INTO `users` (`first_name`,`last_name`,`email`,`created`,`modified`) VALUES ('Norman','Gibson','Suspendisse.sed@dis.edu','2012-11-19 12:19:03','2013-02-05 21:15:32');
INSERT INTO `users` (`first_name`,`last_name`,`email`,`created`,`modified`) VALUES ('Lila','Porter','egestas@nullaanteiaculis.org','2012-12-22 05:51:10','2012-12-23 09:56:07');
INSERT INTO `users` (`first_name`,`last_name`,`email`,`created`,`modified`) VALUES ('Florence','Blankenship','imperdiet@dolorFusce.edu','2012-03-28 08:47:57','2012-06-19 04:01:56');



